"","disco","tema","aut_letra","aut_musica","ano_single"
"1","almendra","Muchacha (Ojos de papel)","Luis Alberto Spinetta","Luis Alberto Spinetta",NA
"2","almendra","Color humano","Edelmiro Molinari","Edelmiro Molinari",NA
"3","almendra","Figuración","Luis Alberto Spinetta","Luis Alberto Spinetta",NA
"4","almendra","Ana no duerme","Luis Alberto Spinetta","Luis Alberto Spinetta",NA
"5","almendra","Fermín","Luis Alberto Spinetta","Luis Alberto Spinetta",NA
"6","almendra","Plegaria para un niño dormido","Luis Alberto Spinetta","Luis Alberto Spinetta",NA
"7","almendra","A estos hombres tristes","Luis Alberto Spinetta","Luis Alberto Spinetta",NA
"8","almendra","Que el viento borró tus manos","Emilio del Guercio","Emilio del Guercio",NA
"9","almendra","Laura va","Luis Alberto Spinetta","Luis Alberto Spinetta",NA
"10","almendrasimples","Tema de Pototo","Edelmiro Molinari, Luis Alberto Spinetta","Edelmiro Molinari, Luis Alberto Spinetta",1968
"11","almendrasimples","El mundo entre las manos","Luis Alberto Spinetta","Luis Alberto Spinetta",1968
"12","almendrasimples","Hoy todo el hielo en la ciudad","Luis Alberto Spinetta","Luis Alberto Spinetta",1968
"13","almendrasimples","Campos verdes","Luis Alberto Spinetta","Luis Alberto Spinetta",1968
"14","almendrasimples","Final","Luis Alberto Spinetta","Luis Alberto Spinetta",1969
"15","almendrasimples","Gabinetes espaciales","Luis Alberto Spinetta","Luis Alberto Spinetta",1969
"16","almendrasimples","Hermano perro","Luis Alberto Spinetta","Luis Alberto Spinetta",1970
"17","almendrasimples","Mestizo","Edelmiro Molinari","Edelmiro Molinari",1970
"18","almendrasimples","Toma el tren hacia el sur","Luis Alberto Spinetta","Luis Alberto Spinetta",NA
"19","almendrasimples","Jingle","Luis Alberto Spinetta","Luis Alberto Spinetta",NA
"20","almendrasimples","Rutas argentinas","Luis Alberto Spinetta","Luis Alberto Spinetta",NA
"21","almendra2","Toma el tren hacia el sur","Luis Alberto Spinetta","Luis Alberto Spinetta",NA
"22","almendra2","Jingle","Luis Alberto Spinetta","Luis Alberto Spinetta",NA
"23","almendra2","No tengo idea","Edelmiro Molinari","Edelmiro Molinari",NA
"24","almendra2","Camino difícil","Emilio del Guercio","Emilio del Guercio",NA
"25","almendra2","Rutas argentinas","Luis Alberto Spinetta","Luis Alberto Spinetta",NA
"26","almendra2","Vete de mí, cuervo negro","Luis Alberto Spinetta","Luis Alberto Spinetta",NA
"27","almendra2","Aire de amor","Edelmiro Molinari","Edelmiro Molinari",NA
"28","almendra2","Mestizo","Edelmiro Molinari","Edelmiro Molinari",NA
"29","almendra2","Agnus Dei","Luis Alberto Spinetta","Luis Alberto Spinetta",NA
"30","almendra2","Para ir","Luis Alberto Spinetta","Luis Alberto Spinetta",NA
"31","almendra2","Parvas","Luis Alberto Spinetta","Luis Alberto Spinetta",NA
"32","almendra2","Cometa azul","Emilio del Guercio, Luis Alberto Spinetta","Emilio del Guercio, Luis Alberto Spinetta",NA
"33","almendra2","Florecen los nardos","Luis Alberto Spinetta","Luis Alberto Spinetta",NA
"34","almendra2","Carmen","Emilio del Guercio","Emilio del Guercio",NA
"35","almendra2","Obertura",NA,"Luis Alberto Spinetta",NA
"36","almendra2","Amor de aire","Edelmiro Molinari","Edelmiro Molinari",NA
"37","almendra2","Verde llano",NA,"Edelmiro Molinari",NA
"38","almendra2","Leves instrucciones","Emilio del Guercio, Luis Alberto Spinetta","Emilio del Guercio, Luis Alberto Spinetta",NA
"39","almendra2","Los elefantes","Luis Alberto Spinetta","Luis Alberto Spinetta",NA
"40","almendra2","Un pájaro te sostiene","Emilio del Guercio","Emilio del Guercio",NA
"41","almendra2","En las cúpulas","Luis Alberto Spinetta","Luis Alberto Spinetta",NA
"42","spinettalandia","Castillo de piedra","Norberto Napolitano","Norberto Napolitano",NA
"43","spinettalandia","Ni cuenta te das","Luis Alberto Spinetta","Luis Alberto Spinetta",NA
"44","spinettalandia","Tema de Pedro",NA,"Luis Alberto Spinetta",NA
"45","spinettalandia","Dame dame pan","Luis Alberto Spinetta","Luis Alberto Spinetta",NA
"46","spinettalandia","Estrella",NA,"Luis Alberto Spinetta",NA
"47","spinettalandia","La búsqueda de la estrella","Luis Alberto Spinetta","Luis Alberto Spinetta",NA
"48","spinettalandia","Vamos al bosque","Luis Alberto Spinetta","Luis Alberto Spinetta",NA
"49","spinettalandia","Era de tontos","Norberto Napolitano","Norberto Napolitano",NA
"50","spinettalandia","Alteración del tiempo",NA,"Luis Alberto Spinetta",NA
"51","spinettalandia","Descalza camina","Pomo Lorenzo, Luis Alberto Spinetta","Pomo Lorenzo, Luis Alberto Spinetta",NA
"52","spinettalandia","Lulú (toma el taxi)","Luis Alberto Spinetta","Luis Alberto Spinetta",NA
"53","desatormentandonos","Blues de Cris","Luis Alberto Spinetta","Luis Alberto Spinetta",NA
"54","desatormentandonos","El jardinero (temprano amaneció)","Luis Alberto Spinetta","Luis Alberto Spinetta",NA
"55","desatormentandonos","Dulce tres nocturno","Osvaldo Frascino, Black Amaya, Luis Alberto Spinetta","Osvaldo Frascino, Black Amaya, Luis Alberto Spinetta",NA
"56","desatormentandonos","Algo flota en la laguna","Osvaldo Frascino, Luis Alberto Spinetta","Osvaldo Frascino, Luis Alberto Spinetta",NA
"57","desatormentandonos","Serpiente (viaja por la sal)","Luis Alberto Spinetta","Luis Alberto Spinetta",NA
"58","pescadosimples","Despiértate nena","Black Amaya, Luis Alberto Spinetta","Black Amaya, Luis Alberto Spinetta",1973
"59","pescadosimples","Me gusta ese tajo","Osvaldo Frascino, Black Amaya, Luis Alberto Spinetta","Osvaldo Frascino, Black Amaya, Luis Alberto Spinetta",1973
"60","pescadosimples","Post-crucifixión","Black Amaya, Carlos Cutaia, Luis Alberto Spinetta","Black Amaya, Carlos Cutaia, Luis Alberto Spinetta",1973
"61","pescado2","Panadero ensoñado",NA,NA,NA
"62","pescado2","Iniciado del alba","Luis Alberto Spinetta","Luis Alberto Spinetta",NA
"63","pescado2","Poseído del alba","Luis Alberto Spinetta","Luis Alberto Spinetta",NA
"64","pescado2","Como el viento voy a ver","Luis Alberto Spinetta","Luis Alberto Spinetta",NA
"65","pescado2","Viajero naciendo","Luis Alberto Spinetta","Luis Alberto Spinetta",NA
"66","pescado2","Mañana o pasado","David Lebón","David Lebón",NA
"67","pescado2","Nena boba","Luis Alberto Spinetta","Luis Alberto Spinetta",NA
"68","pescado2","Madre-selva","Luis Alberto Spinetta","Luis Alberto Spinetta",NA
"69","pescado2","Peteribí","Black Amaya, Carlos Cutaia, Luis Alberto Spinetta","Black Amaya, Carlos Cutaia, Luis Alberto Spinetta",NA
"70","pescado2","16’’ de Peteribí",NA,NA,NA
"71","pescado2","Señorita",NA,"Black Amaya, Carlos Cutaia, David Lebón, Luis Alberto Spinetta",NA
"72","pescado2","Credulidad","Luis Alberto Spinetta","Luis Alberto Spinetta",NA
"73","pescado2","Hola (Pequeño ser)","Black Amaya, Carlos Cutaia, Luis Alberto Spinetta","Black Amaya, Carlos Cutaia, Luis Alberto Spinetta",NA
"74","pescado2","Mi espíritu se fue","Bocón Frascino, Luis Alberto Spinetta","Bocón Frascino, Luis Alberto Spinetta",NA
"75","pescado2","Sombra de la noche negra","Black Amaya","Black Amaya",NA
"76","pescado2","La cereza del zar","Luis Alberto Spinetta","Luis Alberto Spinetta",NA
"77","pescado2","Corto","Luis Alberto Spinetta","Luis Alberto Spinetta",NA
"78","pescado2","Cristálida","Luis Alberto Spinetta","Luis Alberto Spinetta",NA
"79","artaud","Todas las hojas son del viento","Luis Alberto Spinetta","Luis Alberto Spinetta",NA
"80","artaud","Cementerio club","Luis Alberto Spinetta","Luis Alberto Spinetta",NA
"81","artaud","Por","Luis Alberto Spinetta","Luis Alberto Spinetta",NA
"82","artaud","Superchería","Luis Alberto Spinetta","Luis Alberto Spinetta",NA
"83","artaud","La sed verdadera","Luis Alberto Spinetta","Luis Alberto Spinetta",NA
"84","artaud","Cantata de puentes amarillos","Luis Alberto Spinetta","Luis Alberto Spinetta",NA
"85","artaud","Bajan","Luis Alberto Spinetta","Luis Alberto Spinetta",NA
"86","artaud","A Starosta, el idiota","Luis Alberto Spinetta","Luis Alberto Spinetta",NA
"87","artaud","Las habladurías del mundo","Luis Alberto Spinetta","Luis Alberto Spinetta",NA
"88","invisible","Jugo de lúcuma","Pomo Lorenzo, Machi Rufino, Luis Alberto Spinetta","Pomo Lorenzo, Machi Rufino, Luis Alberto Spinetta",NA
"89","invisible","El diluvio y la pasajera","Pomo Lorenzo, Machi Rufino, Luis Alberto Spinetta","Pomo Lorenzo, Machi Rufino, Luis Alberto Spinetta",NA
"90","invisible","Suspensión","Pomo Lorenzo, Machi Rufino, Luis Alberto Spinetta","Pomo Lorenzo, Machi Rufino, Luis Alberto Spinetta",NA
"91","invisible","Tema de Elmo Lesto",NA,"Pomo Lorenzo, Machi Rufino, Luis Alberto Spinetta",NA
"92","invisible","La azafata del tren fantasma","Pomo Lorenzo, Machi Rufino, Luis Alberto Spinetta","Pomo Lorenzo, Machi Rufino, Luis Alberto Spinetta",NA
"93","invisible","Irregular","Pomo Lorenzo, Machi Rufino, Luis Alberto Spinetta","Pomo Lorenzo, Machi Rufino, Luis Alberto Spinetta",NA
"94","invisible","La llave del Mandala","Pomo Lorenzo, Machi Rufino, Luis Alberto Spinetta","Pomo Lorenzo, Machi Rufino, Luis Alberto Spinetta",NA
"95","invisible","Lo que nos ocupa es esa abuela, la conciencia que regula el mundo","Pomo Lorenzo, Machi Rufino, Luis Alberto Spinetta","Pomo Lorenzo, Machi Rufino, Luis Alberto Spinetta",NA
"96","invisiblesimples","Elementales leches","Pomo Lorenzo, Machi Rufino, Luis Alberto Spinetta","Pomo Lorenzo, Machi Rufino, Luis Alberto Spinetta",1974
"97","invisiblesimples","Estado de coma","Pomo Lorenzo, Machi Rufino, Luis Alberto Spinetta","Pomo Lorenzo, Machi Rufino, Luis Alberto Spinetta",1974
"98","invisiblesimples","Viejos ratones del tiempo","Pomo Lorenzo, Machi Rufino, Luis Alberto Spinetta","Pomo Lorenzo, Machi Rufino, Luis Alberto Spinetta",1974
"99","invisiblesimples","Oso del sueño","Pomo Lorenzo, Machi Rufino, Luis Alberto Spinetta","Pomo Lorenzo, Machi Rufino, Luis Alberto Spinetta",1974
"100","duraznosangrando","Encadenado al ánima","Pomo Lorenzo, Machi Rufino, Luis Alberto Spinetta","Pomo Lorenzo, Machi Rufino, Luis Alberto Spinetta",NA
"101","duraznosangrando","Durazno sangrando","Pomo Lorenzo, Machi Rufino, Luis Alberto Spinetta","Pomo Lorenzo, Machi Rufino, Luis Alberto Spinetta",NA
"102","duraznosangrando","Pleamar de águilas","Pomo Lorenzo, Machi Rufino, Luis Alberto Spinetta","Pomo Lorenzo, Machi Rufino, Luis Alberto Spinetta",NA
"103","duraznosangrando","En una lejana playa del animus","Pomo Lorenzo, Machi Rufino, Luis Alberto Spinetta","Pomo Lorenzo, Machi Rufino, Luis Alberto Spinetta",NA
"104","duraznosangrando","Dios de adolescencia","Pomo Lorenzo, Machi Rufino, Luis Alberto Spinetta","Pomo Lorenzo, Machi Rufino, Luis Alberto Spinetta",NA
"105","eljardindelospresentes","El anillo del capitán Beto","Pomo Lorenzo, Machi Rufino, Luis Alberto Spinetta","Pomo Lorenzo, Machi Rufino, Luis Alberto Spinetta",NA
"106","eljardindelospresentes","Los libros de la buena memoria","Pomo Lorenzo, Machi Rufino, Luis Alberto Spinetta","Pomo Lorenzo, Machi Rufino, Luis Alberto Spinetta",NA
"107","eljardindelospresentes","Alarma entre los ángeles",NA,"Pomo Lorenzo, Machi Rufino, Luis Alberto Spinetta",NA
"108","eljardindelospresentes","Que ves el cielo","Pomo Lorenzo, Machi Rufino, Luis Alberto Spinetta","Pomo Lorenzo, Machi Rufino, Luis Alberto Spinetta",NA
"109","eljardindelospresentes","Ruido de magia","Pomo Lorenzo, Machi Rufino, Luis Alberto Spinetta","Pomo Lorenzo, Machi Rufino, Luis Alberto Spinetta",NA
"110","eljardindelospresentes","Doscientos años","Pomo Lorenzo, Machi Rufino, Luis Alberto Spinetta","Pomo Lorenzo, Machi Rufino, Luis Alberto Spinetta",NA
"111","eljardindelospresentes","Perdonado (niño condenado","Pomo Lorenzo, Machi Rufino, Luis Alberto Spinetta","Pomo Lorenzo, Machi Rufino, Luis Alberto Spinetta",NA
"112","eljardindelospresentes","Las golondrinas de Plaza de Mayo","Pomo Lorenzo, Machi Rufino, Luis Alberto Spinetta","Pomo Lorenzo, Machi Rufino, Luis Alberto Spinetta",NA
"113","a18delsol","Viento del azur","Luis Alberto Spinetta","Luis Alberto Spinetta",NA
"114","a18delsol","Telgopor",NA,"Luis Alberto Spinetta",NA
"115","a18delsol","Viejas mascarillas","Luis Alberto Spinetta","Luis Alberto Spinetta",NA
"116","a18delsol","A dieciocho minutos del sol",NA,"Luis Alberto Spinetta",NA
"117","a18delsol","Canción para los días de la vida","Luis Alberto Spinetta","Luis Alberto Spinetta",NA
"118","a18delsol","Toda la vida tiene música hoy","Luis Alberto Spinetta","Luis Alberto Spinetta",NA
"119","a18delsol","¿Dónde está el topacio?","Luis Alberto Spinetta","Luis Alberto Spinetta",NA
"120","a18delsol","La eternidad imaginaria","Luis Alberto Spinetta","Luis Alberto Spinetta",NA
"121","soloelamorpuedesostener","¿A quién culpar? (Who´s to blame)","Harold Payne, Tom Pierson","Harold Payne, Tom Pierson",NA
"122","soloelamorpuedesostener","Solo el amor puede sostener (Only love can sustain)","Luis Alberto Spinetta","Luis Alberto Spinetta",NA
"123","soloelamorpuedesostener","Love Once, Love Twice, Then Love Again","Byron Olson, Luis Alberto Spinetta","Byron Olson, Luis Alberto Spinetta",NA
"124","soloelamorpuedesostener","Presagios de amor (Omens of love)","Gino Vanelli","Gino Vanelli",NA
"125","soloelamorpuedesostener","Intermedio (Jade I)",NA,"Luis Alberto Spinetta",NA
"126","soloelamorpuedesostener","Intermedio (Jade II)",NA,"Luis Alberto Spinetta",NA
"127","soloelamorpuedesostener","Algo hermoso (Something beautiful)","Luis Alberto Spinetta","Luis Alberto Spinetta",NA
"128","soloelamorpuedesostener","Niños de las campanas (Children of the bells)","Guillermo Vilas","Luis Alberto Spinetta",NA
"129","soloelamorpuedesostener","La sorpresa de Jorge (George´s surprise)","Michael W. Marcus, Luis Alberto Spinetta","Michael W. Marcus, Luis Alberto Spinetta",NA
"130","soloelamorpuedesostener","Ilumina mis ojos (Light my eyes)","Luis Alberto Spinetta","Luis Alberto Spinetta",NA
"131","soloelamorpuedesostener","Intermedio (Jade III)",NA,"Luis Alberto Spinetta",NA
"132","elvalleinterior","Las cosas por hacer","Emilio del Guercio","Emilio del Guercio",NA
"133","elvalleinterior","Amidama","Luis Alberto Spinetta","Luis Alberto Spinetta",NA
"134","elvalleinterior","Miguelito, mi espíritu ha partido a tiempo","Luis Alberto Spinetta","Luis Alberto Spinetta",NA
"135","elvalleinterior","Espejada","Luis Alberto Spinetta","Luis Alberto Spinetta",NA
"136","elvalleinterior","Cielo fuerte (Amor guaraní)","Emilio del Guercio","Emilio del Guercio",NA
"137","elvalleinterior","El fantasma de la buena suerte","Luis Alberto Spinetta","Luis Alberto Spinetta",NA
"138","elvalleinterior","Buen día, día de sol","Luis Alberto Spinetta","Luis Alberto Spinetta",NA
"139","almendraobras1","Ana no duerme","Luis Alberto Spinetta","Luis Alberto Spinetta",NA
"140","almendraobras1","Tema de Pototo","Edelmiro Molinari, Luis Alberto Spinetta","Edelmiro Molinari, Luis Alberto Spinetta",NA
"141","almendraobras1","Plegaria para un niño dormido","Luis Alberto Spinetta","Luis Alberto Spinetta",NA
"142","almendraobras1","Figuración","Luis Alberto Spinetta","Luis Alberto Spinetta",NA
"143","almendraobras1","Cambiándome el futuro","Emilio del Guercio","Emilio del Guercio",NA
"144","almendraobras1","Vamos a ajustar las cuentas al cielo","Luis Alberto Spinetta","Luis Alberto Spinetta",NA
"145","almendraobras1","Mestizo","Edelmiro Molinari","Edelmiro Molinari",NA
"146","almendraobras2","Jaguar herido","Luis Alberto Spinetta","Luis Alberto Spinetta",NA
"147","almendraobras2","Color humano","Edelmiro Molinari","Edelmiro Molinari",NA
"148","almendraobras2","Hilando fino","Luis Alberto Spinetta","Luis Alberto Spinetta",NA
"149","almendraobras2","Muchacha (Ojos de papel)","Luis Alberto Spinetta","Luis Alberto Spinetta",NA
"150","almendraobras2","Hermano perro","Luis Alberto Spinetta","Luis Alberto Spinetta",NA
"151","almendraobras2","Rutas argentinas","Luis Alberto Spinetta","Luis Alberto Spinetta",NA
"152","almadediamante","Amenábar",NA,"Luis Alberto Spinetta",NA
"153","almadediamante","Alma de diamante","Luis Alberto Spinetta","Luis Alberto Spinetta",NA
"154","almadediamante","Dale gracias","Luis Alberto Spinetta","Luis Alberto Spinetta",NA
"155","almadediamante","Con la sombra de tu aliado (El aliado)","Luis Alberto Spinetta","Luis Alberto Spinetta",NA
"156","almadediamante","La Diosa salvaje","Luis Alberto Spinetta","Luis Alberto Spinetta",NA
"157","almadediamante","Digital Ayatollah",NA,"Luis Alberto Spinetta",NA
"158","almadediamante","Sombras en los álamos","Luis Alberto Spinetta","Luis Alberto Spinetta",NA
"159","losninosquescribenenelcielo","Moviola","Luis Alberto Spinetta","Luis Alberto Spinetta",NA
"160","losninosquescribenenelcielo","La herida de París","Luis Alberto Spinetta","Luis Alberto Spinetta",NA
"161","losninosquescribenenelcielo","El hombre dirigente","Luis Alberto Spinetta","Luis Alberto Spinetta",NA
"162","losninosquescribenenelcielo","Sexo","Luis Alberto Spinetta","Luis Alberto Spinetta",NA
"163","losninosquescribenenelcielo","Siguiendo los pasos del maestro",NA,"Luis Alberto Spinetta",NA
"164","losninosquescribenenelcielo","Contra todos los males de este mundo","Luis Alberto Spinetta","Luis Alberto Spinetta",NA
"165","losninosquescribenenelcielo","Un viento celeste","Luis Alberto Spinetta","Luis Alberto Spinetta",NA
"166","losninosquescribenenelcielo","Umbral (No te busques ya en el umbral)","Luis Alberto Spinetta","Luis Alberto Spinetta",NA
"167","losninosquescribenenelcielo","Influjo estelar",NA,"Luis Alberto Spinetta",NA
"168","losninosquescribenenelcielo","Nunca me oíste en tiempo","Luis Alberto Spinetta","Luis Alberto Spinetta",NA
"169","kamikaze","Kamikaze","Luis Alberto Spinetta","Luis Alberto Spinetta",NA
"170","kamikaze","Ella también","Luis Alberto Spinetta","Luis Alberto Spinetta",NA
"171","kamikaze","Aguila de trueno","Luis Alberto Spinetta","Luis Alberto Spinetta",NA
"172","kamikaze","Aguila de trueno, parte II","Luis Alberto Spinetta","Luis Alberto Spinetta",NA
"173","kamikaze","Almendra",NA,"Eduardo Martí, Luis Alberto Spinetta",NA
"174","kamikaze","Barro tal vez","Luis Alberto Spinetta","Luis Alberto Spinetta",NA
"175","kamikaze","Ah! Basta de pensar","Luis Alberto Spinetta","Luis Alberto Spinetta",NA
"176","kamikaze","La aventura de la abeja reina","Luis Alberto Spinetta","Luis Alberto Spinetta",NA
"177","kamikaze","Y tu amor es una vieja medalla","Luis Alberto Spinetta","Luis Alberto Spinetta",NA
"178","kamikaze","Quedándote o yéndote","Eduardo Martí, Luis Alberto Spinetta","Eduardo Martí, Luis Alberto Spinetta",NA
"179","kamikaze","Casas marcadas","Luis Alberto Spinetta","Luis Alberto Spinetta",NA
"180","mondodicromo","Paquidermo de luxe",NA,"Luis Alberto Spinetta",NA
"181","mondodicromo","Yo quiero ver un tren","Luis Alberto Spinetta","Luis Alberto Spinetta",NA
"182","mondodicromo","La rifa del viento","Luis Alberto Spinetta","Luis Alberto Spinetta",NA
"183","mondodicromo","Herido por vivir","Luis Alberto Spinetta","Luis Alberto Spinetta",NA
"184","mondodicromo","Simil bahión",NA,"Luis Alberto Spinetta",NA
"185","mondodicromo","Cuando vuelva del cielo","Luis Alberto Spinetta","Luis Alberto Spinetta",NA
"186","mondodicromo","Lo siento en mi corazón","Luis Alberto Spinetta","Luis Alberto Spinetta",NA
"187","mondodicromo","Será que la canción llegó hasta el sol","Luis Alberto Spinetta","Luis Alberto Spinetta",NA
"188","mondodicromo","Días de silencio","Luis Alberto Spinetta","Luis Alberto Spinetta",NA
"189","mondodicromo","El bálsamo",NA,"Luis Alberto Spinetta",NA
"190","mondodicromo","Para Valen",NA,"Luis Alberto Spinetta",NA
"191","mondodicromo","No te alejes tanto de mí","Luis Alberto Spinetta","Luis Alberto Spinetta",NA
"192","mondodicromo","Tango cromado",NA,"Luis Alberto Spinetta",NA
"193","bajobelgrano","Canción de Bajo Belgrano","Luis Alberto Spinetta","Luis Alberto Spinetta",NA
"194","bajobelgrano","Vas a iluminar la casa","Luis Alberto Spinetta","Luis Alberto Spinetta",NA
"195","bajobelgrano","Maribel se durmió","Luis Alberto Spinetta","Luis Alberto Spinetta",NA
"196","bajobelgrano","Vida siempre","Leo Sujatovich, Luis Alberto Spinetta","Leo Sujatovich, Luis Alberto Spinetta",NA
"197","bajobelgrano","Ping pong",NA,"Leo Sujatovich",NA
"198","bajobelgrano","Mapa de tu amor","Leo Sujatovich, Luis Alberto Spinetta","Leo Sujatovich, Luis Alberto Spinetta",NA
"199","bajobelgrano","Resumen porteño","Luis Alberto Spinetta","Luis Alberto Spinetta",NA
"200","bajobelgrano","Era de uranio","Leo Sujatovich, Luis Alberto Spinetta","Leo Sujatovich, Luis Alberto Spinetta",NA
"201","bajobelgrano","Cola de mono","Luis Alberto Spinetta","Luis Alberto Spinetta",NA
"202","bajobelgrano","Viaje y epílogo","Leo Sujatovich, Luis Alberto Spinetta","Leo Sujatovich, Luis Alberto Spinetta",NA
"203","madrenanosluz","Camafeo","Luis Alberto Spinetta","Luis Alberto Spinetta",NA
"204","madrenanosluz","Entonces es como dar amor","Luis Alberto Spinetta","Luis Alberto Spinetta",NA
"205","madrenanosluz","Amarilla flor","Luis Alberto Spinetta","Luis Alberto Spinetta",NA
"206","madrenanosluz","Este es el hombre de hielo","Luis Alberto Spinetta","Luis Alberto Spinetta",NA
"207","madrenanosluz","¿No ves que ya no somos chiquitos?","Luis Alberto Spinetta","Luis Alberto Spinetta",NA
"208","madrenanosluz","Ludmila","Leo Sujatovich, Luis Alberto Spinetta","Leo Sujatovich, Luis Alberto Spinetta",NA
"209","madrenanosluz","Enero del último día","Luis Alberto Spinetta","Luis Alberto Spinetta",NA
"210","madrenanosluz","Mula alma",NA,"Juan Carlos Fontana",NA
"211","madrenanosluz","Díganle","Luis Alberto Spinetta","Luis Alberto Spinetta",NA
"212","prive","Alfil (Ella no cambia nada)","Luis Alberto Spinetta","Luis Alberto Spinetta",NA
"213","prive","Una sola cosa","Luis Alberto Spinetta","Luis Alberto Spinetta",NA
"214","prive","Ropa violeta","Luis Alberto Spinetta","Luis Alberto Spinetta",NA
"215","prive","Como un perro","Luis Alberto Spinetta","Luis Alberto Spinetta",NA
"216","prive","Pobre amor, llámenlo","Luis Alberto Spinetta","Luis Alberto Spinetta",NA
"217","prive","No seas fanática","Luis Alberto Spinetta","Luis Alberto Spinetta",NA
"218","prive","La mirada de Freud","Luis Alberto Spinetta","Luis Alberto Spinetta",NA
"219","prive","Patas de rana","Luis Alberto Spinetta","Luis Alberto Spinetta",NA
"220","prive","Ventiscas de marzo","Luis Alberto Spinetta","Luis Alberto Spinetta",NA
"221","prive","La pelicana y el androide","Luis Alberto Spinetta","Luis Alberto Spinetta",NA
"222","prive","Rezo por vos","Charly García, Luis Alberto Spinetta","Charly García, Luis Alberto Spinetta",NA
"223","lalala","Folis Verghet","Fito Páez","Fito Páez",NA
"224","lalala","Instant-táneas","Fito Páez","Fito Páez",NA
"225","lalala","Tengo un mono","Luis Alberto Spinetta","Luis Alberto Spinetta",NA
"226","lalala","Retrato de bambis",NA,"Carlos Franzetti",NA
"227","lalala","Asilo en tu corazón","Luis Alberto Spinetta","Luis Alberto Spinetta",NA
"228","lalala","Dejaste Ver Tu Corazón","Fito Páez","Fito Páez",NA
"229","lalala","Solo la la la",NA,"Fito Páez",NA
"230","lalala","Gricel","José María Contursi","Mariano Mores",NA
"231","lalala","Serpiente de gas","Luis Alberto Spinetta","Luis Alberto Spinetta",NA
"232","lalala","Todos estos años de gente","Luis Alberto Spinetta","Luis Alberto Spinetta",NA
"233","lalala","Carta para mí desde el 2086","Fito Páez","Fito Páez",NA
"234","lalala","Jabalíes conejines","Luis Alberto Spinetta","Luis Alberto Spinetta",NA
"235","lalala","Parte del aire","Fito Páez","Fito Páez",NA
"236","lalala","Cuando el arte ataque","Luis Alberto Spinetta","Luis Alberto Spinetta",NA
"237","lalala","Pequeño ángel","Luis Alberto Spinetta","Luis Alberto Spinetta",NA
"238","lalala","Arrecife","Luis Alberto Spinetta","Luis Alberto Spinetta",NA
"239","lalala","Estoy atiborrado con tu amor","Luis Alberto Spinetta","Luis Alberto Spinetta",NA
"240","lalala","Un niño nace","Luis Alberto Spinetta","Luis Alberto Spinetta",NA
"241","lalala","Woyseek",NA,"Fito Páez",NA
"242","lalala","Hay otra canción","Fito Páez, Luis Alberto Spinetta","Fito Páez, Luis Alberto Spinetta",NA
"243","testerdeviolencia","Lejísimo","Luis Alberto Spinetta","Luis Alberto Spinetta",NA
"244","testerdeviolencia","Siempre en la pared","Luis Alberto Spinetta","Luis Alberto Spinetta",NA
"245","testerdeviolencia","Al ver verás","Luis Alberto Spinetta","Luis Alberto Spinetta",NA
"246","testerdeviolencia","La luz de la manzana","Luis Alberto Spinetta","Luis Alberto Spinetta",NA
"247","testerdeviolencia","El marcapiel","Roberto Mouro, Luis Alberto Spinetta","Roberto Mouro, Luis Alberto Spinetta",NA
"248","testerdeviolencia","El mono tremendo","Pechugo","Pechugo",NA
"249","testerdeviolencia","Organismo en el aire","Luis Alberto Spinetta","Luis Alberto Spinetta",NA
"250","testerdeviolencia","Tres llaves","Luis Alberto Spinetta","Luis Alberto Spinetta",NA
"251","testerdeviolencia","La bengala perdida","Luis Alberto Spinetta","Luis Alberto Spinetta",NA
"252","testerdeviolencia","Alcanfor","Luis Alberto Spinetta","Luis Alberto Spinetta",NA
"253","testerdeviolencia","Parlante","Luis Alberto Spinetta","Luis Alberto Spinetta",NA
"254","donlucero","Oboi","Roberto Mouro","Luis Alberto Spinetta",NA
"255","donlucero","Fina ropa","Chofi Faruolo, Luis Alberto Spinetta","Chofi Faruolo, Luis Alberto Spinetta",NA
"256","donlucero","Wendolin","Luis Alberto Spinetta","Luis Alberto Spinetta",NA
"257","donlucero","La melodía es en tu alma","Luis Alberto Spinetta","Luis Alberto Spinetta",NA
"258","donlucero","Divino presagio","Luis Alberto Spinetta","Luis Alberto Spinetta",NA
"259","donlucero","Un sitio es un sitio","Luis Alberto Spinetta","Luis Alberto Spinetta",NA
"260","donlucero","Es la medianoche","Luis Alberto Spinetta","Luis Alberto Spinetta",NA
"261","donlucero","Un gran doblez","Luis Alberto Spinetta","Luis Alberto Spinetta",NA
"262","donlucero","Cielo invertido","Luis Alberto Spinetta","Luis Alberto Spinetta",NA
"263","exactas","Que ves el cielo","Luis Alberto Spinetta","Luis Alberto Spinetta",NA
"264","exactas","Amor de primavera","Hernán Pujó","Tanguito",NA
"265","exactas","Parvas","Luis Alberto Spinetta","Luis Alberto Spinetta",NA
"266","exactas","El marcapiel","Roberto Mouro, Luis Alberto Spinetta","Roberto Mouro, Luis Alberto Spinetta",NA
"267","exactas","Frazada de cactus","Luis Alberto Spinetta","Luis Alberto Spinetta",NA
"268","exactas","Plegaria para un niño dormido","Luis Alberto Spinetta","Luis Alberto Spinetta",NA
"269","exactas","Sicocisne","Luis Alberto Spinetta","Luis Alberto Spinetta",NA
"270","exactas","La cereza del zar","Luis Alberto Spinetta","Luis Alberto Spinetta",NA
"271","exactas","Pequeño ángel","Luis Alberto Spinetta","Luis Alberto Spinetta",NA
"272","exactas","La herida de París","Luis Alberto Spinetta","Luis Alberto Spinetta",NA
"273","pelusonofmilk","Seguir viviendo sin tu amor","Luis Alberto Spinetta","Luis Alberto Spinetta",NA
"274","pelusonofmilk","Lago de forma mía","Luis Alberto Spinetta","Luis Alberto Spinetta",NA
"275","pelusonofmilk","Ganges","Luis Alberto Spinetta","Luis Alberto Spinetta",NA
"276","pelusonofmilk","La montaña","Luis Alberto Spinetta","Luis Alberto Spinetta",NA
"277","pelusonofmilk","Panacea","Luis Alberto Spinetta","Luis Alberto Spinetta",NA
"278","pelusonofmilk","Domo tú","Luis Alberto Spinetta","Luis Alberto Spinetta",NA
"279","pelusonofmilk","Cada luz","Luis Alberto Spinetta","Luis Alberto Spinetta",NA
"280","pelusonofmilk","Bomba azul","Luis Alberto Spinetta","Luis Alberto Spinetta",NA
"281","pelusonofmilk","Cielo de ti","Luis Alberto Spinetta","Luis Alberto Spinetta",NA
"282","pelusonofmilk","Cruzarás","Luis Alberto Spinetta","Luis Alberto Spinetta",NA
"283","pelusonofmilk","Hombre de lata","Luis Alberto Spinetta","Luis Alberto Spinetta",NA
"284","pelusonofmilk","Jilguero","Luis Alberto Spinetta","Luis Alberto Spinetta",NA
"285","pelusonofmilk","Ella bailó (Love of my life)","Luis Alberto Spinetta","Luis Alberto Spinetta",NA
"286","pelusonofmilk","Pies de atril","Luis Alberto Spinetta","Luis Alberto Spinetta",NA
"287","pelusonofmilk","Díme la forma","Luis Alberto Spinetta","Luis Alberto Spinetta",NA
"288","fuegogris","Escape hacia el alma","Luis Alberto Spinetta","Luis Alberto Spinetta",NA
"289","fuegogris","Yo no puedo dar sombra","Luis Alberto Spinetta","Luis Alberto Spinetta",NA
"290","fuegogris","Nirvana mañana","Luis Alberto Spinetta","Luis Alberto Spinetta",NA
"291","fuegogris","Verde bosque","Luis Alberto Spinetta","Luis Alberto Spinetta",NA
"292","fuegogris","Preciosa dama azul","Luis Alberto Spinetta","Luis Alberto Spinetta",NA
"293","fuegogris","Tocando sin sentir","Luis Alberto Spinetta","Luis Alberto Spinetta",NA
"294","fuegogris","Parado en la semina","Luis Alberto Spinetta","Luis Alberto Spinetta",NA
"295","fuegogris","Cadalso temporal","Luis Alberto Spinetta","Luis Alberto Spinetta",NA
"296","fuegogris","Penumbra","Luis Alberto Spinetta","Luis Alberto Spinetta",NA
"297","fuegogris","Feroz canción","Luis Alberto Spinetta","Luis Alberto Spinetta",NA
"298","fuegogris","Dedos de mimbre","Luis Alberto Spinetta","Luis Alberto Spinetta",NA
"299","fuegogris","Trampaluz","Luis Alberto Spinetta","Luis Alberto Spinetta",NA
"300","fuegogris","Caspa tropical","Luis Alberto Spinetta","Luis Alberto Spinetta",NA
"301","fuegogris","¡Oh! doctor","Luis Alberto Spinetta","Luis Alberto Spinetta",NA
"302","fuegogris","Flecha zen","Luis Alberto Spinetta","Luis Alberto Spinetta",NA
"303","fuegogris","Cordón de perfume","Luis Alberto Spinetta","Luis Alberto Spinetta",NA
"304","fuegogris","Norte de nada","Luis Alberto Spinetta","Luis Alberto Spinetta",NA
"305","sociosdeldesierto","Cheques","Luis Alberto Spinetta","Luis Alberto Spinetta",NA
"306","sociosdeldesierto","Paraíso","Luis Alberto Spinetta","Luis Alberto Spinetta",NA
"307","sociosdeldesierto","Los duendes","Roberto Mouro","Luis Alberto Spinetta",NA
"308","sociosdeldesierto","Sub rebaño",NA,"Luis Alberto Spinetta",NA
"309","sociosdeldesierto","Bosnia","Luis Alberto Spinetta","Luis Alberto Spinetta",NA
"310","sociosdeldesierto","Luz sin freno","Luis Alberto Spinetta","Luis Alberto Spinetta",NA
"311","sociosdeldesierto","Cuenta en el sol","Luis Alberto Spinetta","Luis Alberto Spinetta",NA
"312","sociosdeldesierto","Diana","Luis Alberto Spinetta","Luis Alberto Spinetta",NA
"313","sociosdeldesierto","¡Oh! Magnolia","Luis Alberto Spinetta","Luis Alberto Spinetta",NA
"314","sociosdeldesierto","Luna de Abril","Luis Alberto Spinetta","Luis Alberto Spinetta",NA
"315","sociosdeldesierto","Se convirtió en la noche","Luis Alberto Spinetta","Luis Alberto Spinetta",NA
"316","sociosdeldesierto","Tony","Luis Alberto Spinetta","Luis Alberto Spinetta",NA
"317","sociosdeldesierto","Así nunca encontrarás el mar","Luis Alberto Spinetta","Luis Alberto Spinetta",NA
"318","sociosdeldesierto","Cuentas de un collar","Luis Alberto Spinetta","Luis Alberto Spinetta",NA
"319","sociosdeldesierto","Mi sueño de hoy","Luis Alberto Spinetta","Luis Alberto Spinetta",NA
"320","sociosdeldesierto","Zonda",NA,"Luis Alberto Spinetta",NA
"321","sociosdeldesierto","La orilla infinita","Luis Alberto Spinetta","Luis Alberto Spinetta",NA
"322","sociosdeldesierto","Nasty people","Luis Alberto Spinetta","Luis Alberto Spinetta",NA
"323","sociosdeldesierto","Holanda","Roberto Mouro","Luis Alberto Spinetta",NA
"324","sociosdeldesierto","La espera","Luis Alberto Spinetta","Luis Alberto Spinetta",NA
"325","sociosdeldesierto","Espejo en una sombra","Luis Alberto Spinetta","Luis Alberto Spinetta",NA
"326","sociosdeldesierto","Jardín de gente","Luis Alberto Spinetta","Luis Alberto Spinetta",NA
"327","sociosdeldesierto","Las olas","Luis Alberto Spinetta","Luis Alberto Spinetta",NA
"328","sociosdeldesierto","Jazmín","Luis Alberto Spinetta","Luis Alberto Spinetta",NA
"329","sociosdeldesierto","Wasabi flash",NA,"Luis Alberto Spinetta",NA
"330","sociosdeldesierto","La luz te fue","Luis Alberto Spinetta","Luis Alberto Spinetta",NA
"331","sociosdeldesierto","El rebaño del pastor","Luis Alberto Spinetta","Luis Alberto Spinetta",NA
"332","sociosdeldesierto","Puyen de abril",NA,"Luis Alberto Spinetta",NA
"333","sociosdeldesierto","2 de enero","Modesto Vázquez","Luis Alberto Spinetta",NA
"334","sociosdeldesierto","Cuenco de sal",NA,"Luis Alberto Spinetta",NA
"335","sociosdeldesierto","El sol y la afeitadora eléctrica","Luis Alberto Spinetta","Luis Alberto Spinetta",NA
"336","sociosdeldesierto","Collar","Luis Alberto Spinetta","Luis Alberto Spinetta",NA
"337","sociosdeldesierto","Duende",NA,"Luis Alberto Spinetta",NA
"338","estrelicia","Durazno sangrando","Pomo Lorenzo, Machi Rufino, Luis Alberto Spinetta","Luis Alberto Spinetta",NA
"339","estrelicia","La montaña","Luis Alberto Spinetta","Luis Alberto Spinetta",NA
"340","estrelicia","Fují","Luis Alberto Spinetta","Luis Alberto Spinetta",NA
"341","estrelicia","La miel en tu ventana","Luis Alberto Spinetta","Luis Alberto Spinetta",NA
"342","estrelicia","Tu nombre sobre mi nombre","Luis Alberto Spinetta","Luis Alberto Spinetta",NA
"343","estrelicia","Tu vendrás a juntar mis días","Luis Alberto Spinetta","Luis Alberto Spinetta",NA
"344","estrelicia","Laura va","Luis Alberto Spinetta","Luis Alberto Spinetta",NA
"345","estrelicia","Jazmín","Luis Alberto Spinetta","Luis Alberto Spinetta",NA
"346","estrelicia","La sed verdadera","Luis Alberto Spinetta","Luis Alberto Spinetta",NA
"347","estrelicia","Barro, tal vez","Luis Alberto Spinetta","Luis Alberto Spinetta",NA
"348","estrelicia","Tía Amanda","Luis Alberto Spinetta","Luis Alberto Spinetta",NA
"349","estrelicia","Mi sueño de hoy","Luis Alberto Spinetta","Luis Alberto Spinetta",NA
"350","estrelicia","Yo quiero ver un tren","Luis Alberto Spinetta","Luis Alberto Spinetta",NA
"351","estrelicia","Garopaba",NA,"Eduardo Martí, Luis Alberto Spinetta",NA
"352","sancristoforo","Estás acá","Daniel Wirtz, Marcelo Torres, Luis Alberto Spinetta","Daniel Wirtz, Marcelo Torres, Luis Alberto Spinetta",NA
"353","sancristoforo","Piluso y Coquito","Luis Alberto Spinetta","Luis Alberto Spinetta",NA
"354","sancristoforo","Como el viento voy a ver","Luis Alberto Spinetta","Luis Alberto Spinetta",NA
"355","sancristoforo","Me gusta ese tajo","Osvaldo Frascino, Black Amaya, Luis Alberto Spinetta","Osvaldo Frascino, Black Amaya, Luis Alberto Spinetta",NA
"356","sancristoforo","San Cristóforo",NA,"Marcelo Torres, Luis Alberto Spinetta",NA
"357","sancristoforo","El rebaño del pastor","Luis Alberto Spinetta","Luis Alberto Spinetta",NA
"358","sancristoforo","Bosnia","Luis Alberto Spinetta","Luis Alberto Spinetta",NA
"359","sancristoforo","Ana no duerme","Luis Alberto Spinetta","Luis Alberto Spinetta",NA
"360","sancristoforo","Sucia estrella","Juanse","Juanse",NA
"361","sancristoforo","Rutas argentinas","Luis Alberto Spinetta","Luis Alberto Spinetta",NA
"362","sancristoforo","Viento del lugar","Luis Alberto Spinetta","Luis Alberto Spinetta",NA
"363","sancristoforo","Tu corazón por mí","Luis Alberto Spinetta","Luis Alberto Spinetta",NA
"364","losojos","Ven vení","Luis Alberto Spinetta","Luis Alberto Spinetta",NA
"365","losojos","Ave seca","Luis Alberto Spinetta","Luis Alberto Spinetta",NA
"366","losojos","Donde no se lee","Luis Alberto Spinetta","Luis Alberto Spinetta",NA
"367","losojos","Extiéndete una vez más","Luis Alberto Spinetta","Luis Alberto Spinetta",NA
"368","losojos","No me alcanza","Luis Alberto Spinetta","Luis Alberto Spinetta",NA
"369","losojos","Ekathe I","Luis Alberto Spinetta","Luis Alberto Spinetta",NA
"370","losojos","Nómbrala","Luis Alberto Spinetta","Luis Alberto Spinetta",NA
"371","losojos","Bahía final","Luis Alberto Spinetta","Luis Alberto Spinetta",NA
"372","losojos","Perdido en tí","Luis Alberto Spinetta","Luis Alberto Spinetta",NA
"373","losojos","Bagatelle","Luis Alberto Spinetta","Luis Alberto Spinetta",NA
"374","losojos","Ekathé II",NA,"Luis Alberto Spinetta",NA
"375","losojos","La flor","Luis Alberto Spinetta","Luis Alberto Spinetta",NA
"376","losojos","Guíame","Luis Alberto Spinetta","Luis Alberto Spinetta",NA
"377","losojos","Vera","Luis Alberto Spinetta","Luis Alberto Spinetta",NA
"378","elijaygane","Rezo por vos","Charly García, Luis Alberto Spinetta","Charly García, Luis Alberto Spinetta",NA
"379","elijaygane","Ludmila","Leo Sujatovich, Luis Alberto Spinetta","Leo Sujatovich, Luis Alberto Spinetta",NA
"380","elijaygane","Alma de diamante","Luis Alberto Spinetta","Luis Alberto Spinetta",NA
"381","elijaygane","Correr frente a ti","Luis Alberto Spinetta","Luis Alberto Spinetta",NA
"382","elijaygane","Nunca me oíste en tiempo","Luis Alberto Spinetta","Luis Alberto Spinetta",NA
"383","elijaygane","Resumen porteño","Luis Alberto Spinetta","Luis Alberto Spinetta",NA
"384","elijaygane","Aguila de trueno","Luis Alberto Spinetta","Luis Alberto Spinetta",NA
"385","elijaygane","Aguila de trueno, parte II","Luis Alberto Spinetta","Luis Alberto Spinetta",NA
"386","elijaygane","Era de uranio","Leo Sujatovich, Luis Alberto Spinetta","Leo Sujatovich, Luis Alberto Spinetta",NA
"387","elijaygane","No te alejes tanto de mí","Luis Alberto Spinetta","Luis Alberto Spinetta",NA
"388","elijaygane","Ella también","Luis Alberto Spinetta","Luis Alberto Spinetta",NA
"389","elijaygane","Muchacha (Ojos de papel)","Luis Alberto Spinetta","Luis Alberto Spinetta",NA
"390","elijaygane","Una sola cosa","Luis Alberto Spinetta","Luis Alberto Spinetta",NA
"391","elijaygane","Camafeo","Luis Alberto Spinetta","Luis Alberto Spinetta",NA
"392","elijaygane","La aventura de la abeja reina","Luis Alberto Spinetta","Luis Alberto Spinetta",NA
"393","elijaygane","Será que la canción llegó hasta el sol","Luis Alberto Spinetta","Luis Alberto Spinetta",NA
"394","elijaygane","Quedándote o yéndote","Eduardo Martí, Luis Alberto Spinetta","Eduardo Martí, Luis Alberto Spinetta",NA
"395","elijaygane","Umbral (No te busques ya en el umbral)","Luis Alberto Spinetta","Luis Alberto Spinetta",NA
"396","silversorgo","El enemigo","Luis Alberto Spinetta","Luis Alberto Spinetta",NA
"397","silversorgo","El mar es de llanto","Luis Alberto Spinetta","Luis Alberto Spinetta",NA
"398","silversorgo","Ni hables","Luis Alberto Spinetta","Luis Alberto Spinetta",NA
"399","silversorgo","Tonta luz","Luis Alberto Spinetta","Luis Alberto Spinetta",NA
"400","silversorgo","Adentro tuyo","Nico Cota, Luis Alberto Spinetta","Nico Cota, Luis Alberto Spinetta",NA
"401","silversorgo","Llama y verás","Luis Alberto Spinetta","Luis Alberto Spinetta",NA
"402","silversorgo","Abrázame inocentemente (del lémur a la boa)","Luis Alberto Spinetta","Luis Alberto Spinetta",NA
"403","silversorgo","Esta es la sombra","Luis Alberto Spinetta","Luis Alberto Spinetta",NA
"404","silversorgo","Mundo disperso","Roberto Mouro, Luis Alberto Spinetta","Roberto Mouro, Luis Alberto Spinetta",NA
"405","silversorgo","Cine de atrás","Luis Alberto Spinetta","Luis Alberto Spinetta",NA
"406","silversorgo","La verdad de las grullas","Luis Alberto Spinetta","Luis Alberto Spinetta",NA
"407","silversorgo","Bahía final","Luis Alberto Spinetta","Luis Alberto Spinetta",NA
"408","obrasenvivo","Umbral (No te busques ya en el umbral)","Luis Alberto Spinetta","Luis Alberto Spinetta",NA
"409","obrasenvivo","Ekathe I","Luis Alberto Spinetta","Luis Alberto Spinetta",NA
"410","obrasenvivo","Don’t bother me","George Harrison","George Harrison",NA
"411","obrasenvivo","El mar es de llanto","Luis Alberto Spinetta","Luis Alberto Spinetta",NA
"412","obrasenvivo","Mi sueño de hoy","Luis Alberto Spinetta","Luis Alberto Spinetta",NA
"413","obrasenvivo","¿No ves que ya no somos chiquitos?","Luis Alberto Spinetta","Luis Alberto Spinetta",NA
"414","obrasenvivo","Al ver verás","Luis Alberto Spinetta","Luis Alberto Spinetta",NA
"415","obrasenvivo","Sagrado tesoro","Luis Alberto Spinetta","Luis Alberto Spinetta",NA
"416","obrasenvivo","Perdido en tí","Luis Alberto Spinetta","Luis Alberto Spinetta",NA
"417","obrasenvivo","La verdad de las grullas","Luis Alberto Spinetta","Luis Alberto Spinetta",NA
"418","obrasenvivo","Ana no duerme","Luis Alberto Spinetta","Luis Alberto Spinetta",NA
"419","obrasenvivo","Tonta luz remix","Luis Alberto Spinetta","Luis Alberto Spinetta",NA
"420","paralosarboles","Sin abandono","Luis Alberto Spinetta","Luis Alberto Spinetta",NA
"421","paralosarboles","Cisne","Luis Alberto Spinetta","Luis Alberto Spinetta",NA
"422","paralosarboles","Halo lunar","Luis Alberto Spinetta","Luis Alberto Spinetta",NA
"423","paralosarboles","Yo miro tu amor","Luis Alberto Spinetta","Luis Alberto Spinetta",NA
"424","paralosarboles","A su amor, allí","Luis Alberto Spinetta","Luis Alberto Spinetta",NA
"425","paralosarboles","Agua de la miseria","Luis Alberto Spinetta","Luis Alberto Spinetta",NA
"426","paralosarboles","Dos murciélagos","Luis Alberto Spinetta","Luis Alberto Spinetta",NA
"427","paralosarboles","Vidamí","Luis Alberto Spinetta","Luis Alberto Spinetta",NA
"428","paralosarboles","Ciénaga dorada","Luis Alberto Spinetta","Luis Alberto Spinetta",NA
"429","paralosarboles","Néctar","Luis Alberto Spinetta","Luis Alberto Spinetta",NA
"430","paralosarboles","El lenguaje del cielo","Luis Alberto Spinetta","Luis Alberto Spinetta",NA
"431","paralosarboles","Tu cuerpo mediodía","Luis Alberto Spinetta","Luis Alberto Spinetta",NA
"432","camalotus","Buenos Aires (Alma de piedra)","Luis Alberto Spinetta","Luis Alberto Spinetta",NA
"433","camalotus","Crisantemo","Luis Alberto Spinetta","Luis Alberto Spinetta",NA
"434","camalotus","Nelly, no me mientas","Luis Alberto Spinetta","Luis Alberto Spinetta",NA
"435","camalotus","Aquas (Agua de la miseria remix)","Luis Alberto Spinetta","Luis Alberto Spinetta",NA
"436","pan","Sinfin","Luis Alberto Spinetta","Luis Alberto Spinetta",NA
"437","pan","BolsoDios","Luis Alberto Spinetta","Luis Alberto Spinetta",NA
"438","pan","Canción de noche","Luis Alberto Spinetta","Luis Alberto Spinetta",NA
"439","pan","Proserpina","Luis Alberto Spinetta","Luis Alberto Spinetta",NA
"440","pan","No habrá un destino incierto","Luis Alberto Spinetta","Luis Alberto Spinetta",NA
"441","pan","Cabecita calesita","Luis Alberto Spinetta","Luis Alberto Spinetta",NA
"442","pan","Dale luz al instante","Luis Alberto Spinetta","Luis Alberto Spinetta",NA
"443","pan","La flor de Santo Tomé","Luis Alberto Spinetta","Luis Alberto Spinetta",NA
"444","pan","Atado a tu frontera","Luis Alberto Spinetta","Luis Alberto Spinetta",NA
"445","pan","Preconición","Luis Alberto Spinetta","Luis Alberto Spinetta",NA
"446","pan","¡Qué hermosa estás!","Luis Alberto Spinetta","Luis Alberto Spinetta",NA
"447","pan","Espuma mística","Luis Alberto Spinetta","Luis Alberto Spinetta",NA
"448","unmanana","La mendiga","Luis Alberto Spinetta","Luis Alberto Spinetta",NA
"449","unmanana","Vacío sideral","Luis Alberto Spinetta","Luis Alberto Spinetta",NA
"450","unmanana","No quiere decir","Luis Alberto Spinetta","Luis Alberto Spinetta",NA
"451","unmanana","Tu vuelo al fin","Luis Alberto Spinetta","Luis Alberto Spinetta",NA
"452","unmanana","Hiedra al sol","Luis Alberto Spinetta","Luis Alberto Spinetta",NA
"453","unmanana","Canción de amor para Olga","Luis Alberto Spinetta","Claudio Cardone, Luis Alberto Spinetta",NA
"454","unmanana","Un mañana","Luis Alberto Spinetta","Luis Alberto Spinetta",NA
"455","unmanana","Mi elemento","Luis Alberto Spinetta","Luis Alberto Spinetta",NA
"456","unmanana","Hombre de luz","Luis Santiago Spinetta","Luis Alberto Spinetta",NA
"457","unmanana","Preso ventanilla","Luis Alberto Spinetta","Luis Alberto Spinetta",NA
"458","unmanana","Despierta en la brisa","Luis Alberto Spinetta","Luis Alberto Spinetta",NA
"459","unmanana","Para soñar","Luis Alberto Spinetta","Luis Alberto Spinetta",NA
"460","spinettaylasbandaseternas","Mi elemento","Luis Alberto Spinetta","Luis Alberto Spinetta",NA
"461","spinettaylasbandaseternas","Tu vuelo al fin","Luis Alberto Spinetta","Luis Alberto Spinetta",NA
"462","spinettaylasbandaseternas","Ella también","Luis Alberto Spinetta","Luis Alberto Spinetta",NA
"463","spinettaylasbandaseternas","Umbral (No te busques ya en el umbral)","Luis Alberto Spinetta","Luis Alberto Spinetta",NA
"464","spinettaylasbandaseternas","Fina ropa blanca","Chofi Faruolo, Luis Alberto Spinetta","Chofi Faruolo, Luis Alberto Spinetta",NA
"465","spinettaylasbandaseternas","La bengala perdida","Luis Alberto Spinetta","Luis Alberto Spinetta",NA
"466","spinettaylasbandaseternas","Sombras en los álamos","Luis Alberto Spinetta","Luis Alberto Spinetta",NA
"467","spinettaylasbandaseternas","Alma de diamante","Luis Alberto Spinetta","Luis Alberto Spinetta",NA
"468","spinettaylasbandaseternas","Cisne","Luis Alberto Spinetta","Luis Alberto Spinetta",NA
"469","spinettaylasbandaseternas","Al ver verás","Luis Alberto Spinetta","Luis Alberto Spinetta",NA
"470","spinettaylasbandaseternas","¿No ves que ya no somos chiquitos?","Luis Alberto Spinetta","Luis Alberto Spinetta",NA
"471","spinettaylasbandaseternas","Cielo de ti","Luis Alberto Spinetta","Luis Alberto Spinetta",NA
"472","spinettaylasbandaseternas","Las cosas tienen movimiento","Fito Páez","Fito Páez",NA
"473","spinettaylasbandaseternas","Retrato de Bambis",NA,"Carlos Franzetti",NA
"474","spinettaylasbandaseternas","Asilo en tu corazón","Luis Alberto Spinetta","Luis Alberto Spinetta",NA
"475","spinettaylasbandaseternas","Mariposas de madera","Miguel Abuelo","Miguel Abuelo",NA
"476","spinettaylasbandaseternas","El rey lloró","Litto Nebbia","Litto Nebbia",NA
"477","spinettaylasbandaseternas","Adónde está la libertad","Norberto Napolitano","Norberto Napolitano",NA
"478","spinettaylasbandaseternas","Te para tres","Gustavo Cerati","Gustavo Cerati",NA
"479","spinettaylasbandaseternas","Bajan","Luis Alberto Spinetta","Luis Alberto Spinetta",NA
"480","spinettaylasbandaseternas","Cementerio club","Luis Alberto Spinetta","Luis Alberto Spinetta",NA
"481","spinettaylasbandaseternas","Era de uranio","Leo Sujatovich, Luis Alberto Spinetta","Leo Sujatovich, Luis Alberto Spinetta",NA
"482","spinettaylasbandaseternas","Vida siempre","Leo Sujatovich, Luis Alberto Spinetta","Leo Sujatovich, Luis Alberto Spinetta",NA
"483","spinettaylasbandaseternas","Maribel se durmió","Luis Alberto Spinetta","Luis Alberto Spinetta",NA
"484","spinettaylasbandaseternas","Necesito tu amor","Javier Martínez","Javier Martínez",NA
"485","spinettaylasbandaseternas","Filosofía barata y zapatos de goma","Charly García","Charly García",NA
"486","spinettaylasbandaseternas","Rezo por vos","Charly García, Luis Alberto Spinetta","Charly García, Luis Alberto Spinetta",NA
"487","spinettaylasbandaseternas","San Cristóforo",NA,"Marcelo Torres, Luis Alberto Spinetta",NA
"488","spinettaylasbandaseternas","Bosnia","Luis Alberto Spinetta","Luis Alberto Spinetta",NA
"489","spinettaylasbandaseternas","Durazno sangrando","Pomo Lorenzo, Machi Rufino, Luis Alberto Spinetta","Pomo Lorenzo, Machi Rufino, Luis Alberto Spinetta",NA
"490","spinettaylasbandaseternas","Jugo de lúcuma","Pomo Lorenzo, Machi Rufino, Luis Alberto Spinetta","Pomo Lorenzo, Machi Rufino, Luis Alberto Spinetta",NA
"491","spinettaylasbandaseternas","Lo que nos ocupa es esa abuela, la conciencia que regula el mundo","Pomo Lorenzo, Machi Rufino, Luis Alberto Spinetta","Pomo Lorenzo, Machi Rufino, Luis Alberto Spinetta",NA
"492","spinettaylasbandaseternas","Perdonado (niño condenado)","Pomo Lorenzo, Machi Rufino, Luis Alberto Spinetta","Pomo Lorenzo, Machi Rufino, Luis Alberto Spinetta",NA
"493","spinettaylasbandaseternas","Amor de primavera","Hernán Pujó","Tanguito",NA
"494","spinettaylasbandaseternas","Poseído del alba","Luis Alberto Spinetta","Luis Alberto Spinetta",NA
"495","spinettaylasbandaseternas","Mañana o pasado","David Lebón","David Lebón",NA
"496","spinettaylasbandaseternas","Serpiente (viaja por la sal)","Luis Alberto Spinetta","Luis Alberto Spinetta",NA
"497","spinettaylasbandaseternas","Credulidad","Luis Alberto Spinetta","Luis Alberto Spinetta",NA
"498","spinettaylasbandaseternas","Despiértate nena","Black Amaya, Luis Alberto Spinetta","Black Amaya, Luis Alberto Spinetta",NA
"499","spinettaylasbandaseternas","Me gusta ese tajo","Osvaldo Frascino, Black Amaya, Luis Alberto Spinetta","Osvaldo Frascino, Black Amaya, Luis Alberto Spinetta",NA
"500","spinettaylasbandaseternas","Post-crucifixión","Black Amaya, Carlos Cutaia, Luis Alberto Spinetta","Black Amaya, Carlos Cutaia, Luis Alberto Spinetta",NA
"501","spinettaylasbandaseternas","Color humano","Edelmiro Molinari","Edelmiro Molinari",NA
"502","spinettaylasbandaseternas","A estos hombres tristes","Luis Alberto Spinetta","Luis Alberto Spinetta",NA
"503","spinettaylasbandaseternas","Muchacha (Ojos de papel)","Luis Alberto Spinetta","Luis Alberto Spinetta",NA
"504","spinettaylasbandaseternas","8 de octubre","León Gieco, Luis Alberto Spinetta","León Gieco, Luis Alberto Spinetta",NA
"505","spinettaylasbandaseternas","Retoño","Luis Alberto Spinetta","Luis Alberto Spinetta",NA
"506","spinettaylasbandaseternas","Yo quiero ver un tren","Luis Alberto Spinetta","Luis Alberto Spinetta",NA
"507","spinettaylasbandaseternas","No te alejes tanto de mí","Luis Alberto Spinetta","Luis Alberto Spinetta",NA
"508","losamigo","Apenas floto","Luis Alberto Spinetta","Luis Alberto Spinetta",NA
"509","losamigo","Iris","Luis Alberto Spinetta","Luis Alberto Spinetta",NA
"510","losamigo","El Cabecitero",NA,"Daniel Ferrón, Rodolfo García, Luis Alberto Spinetta",NA
"511","losamigo","Bagualerita","Luis Alberto Spinetta","Luis Alberto Spinetta",NA
"512","losamigo","El Gaitero",NA,"Daniel Ferrón, Rodolfo García, Luis Alberto Spinetta",NA
"513","losamigo","Canción Del Lugar","Luis Alberto Spinetta","Luis Alberto Spinetta",NA
"514","losamigo","Iris (Versión Acústica)","Luis Alberto Spinetta","Luis Alberto Spinetta",NA
"515","yanomiresatras","Veinte ciudades","Luis Alberto Spinetta","Luis Alberto Spinetta",NA
"516","yanomiresatras","Ya no mires atrás","Luis Alberto Spinetta","Luis Alberto Spinetta",NA
"517","yanomiresatras","Agua de río","Luis Alberto Spinetta","Luis Alberto Spinetta",NA
"518","yanomiresatras","Nueva luna, mundo Arjo","Luis Alberto Spinetta","Luis Alberto Spinetta",NA
"519","yanomiresatras","Merecer","Luis Alberto Spinetta","Luis Alberto Spinetta",NA
"520","yanomiresatras","Luces y sombras","Luis Alberto Spinetta","Luis Alberto Spinetta",NA
"521","yanomiresatras","Diadema","Luis Alberto Spinetta","Luis Alberto Spinetta",NA
"522","inedito","Caminata","Luis Alberto Spinetta","Luis Alberto Spinetta",NA
"523","inedito","Chocolate","Luis Alberto Spinetta","Luis Alberto Spinetta",NA
"524","inedito","Continuación del hielo en la ciudad","Luis Alberto Spinetta","Luis Alberto Spinetta",NA
"525","inedito","Historias de la inteligencia","Luis Alberto Spinetta","Luis Alberto Spinetta",NA
"526","inedito","Hombre de luz","Luis Alberto Spinetta","Luis Alberto Spinetta",NA
"527","inedito","Para que me sigas","Luis Alberto Spinetta","Luis Alberto Spinetta",NA
"528","inedito","El Mago de agua","Luis Alberto Spinetta","Luis Alberto Spinetta",NA
"529","inedito","Vine al planeta","Luis Alberto Spinetta","Luis Alberto Spinetta",NA
"530","inedito","Viejos profetas de lo eterno","Luis Alberto Spinetta","Luis Alberto Spinetta",NA
"531","inedito","Ella flota por mí","Luis Alberto Spinetta","Luis Alberto Spinetta",NA
"532","inedito","La fiebre paranoica","Luis Alberto Spinetta","Luis Alberto Spinetta",NA
"533","inedito","Mensaje a las larvas","Luis Alberto Spinetta","Luis Alberto Spinetta",NA
"534","inedito","Pibe","Luis Alberto Spinetta","Luis Alberto Spinetta",NA
"535","inedito","La tabla de nada","Luis Alberto Spinetta","Luis Alberto Spinetta",NA
"536","inedito","Ya es el momento ya","Luis Alberto Spinetta","Luis Alberto Spinetta",NA
"537","inedito","Estrella gris","Luis Alberto Spinetta","Luis Alberto Spinetta",NA
"538","inedito","Tanino","Luis Alberto Spinetta","Luis Alberto Spinetta",NA
"539","inedito","Tríptico del eterno verdor","Luis Alberto Spinetta","Luis Alberto Spinetta",NA
"540","inedito","Ixtlán","Luis Alberto Spinetta","Luis Alberto Spinetta",NA
"541","inedito","Luna nueva – Mundo Arjo","Luis Alberto Spinetta","Luis Alberto Spinetta",NA
"542","inedito","Ramas de sol","Luis Alberto Spinetta","Luis Alberto Spinetta",NA
"543","inedito","Psicodelia","Luis Alberto Spinetta","Luis Alberto Spinetta",NA
"544","inedito","No te detengas","Luis Alberto Spinetta","Luis Alberto Spinetta",NA
